file,line,bucket,phrase,qualified_noun,context,proposed_replacement
CHAPTER-10-strategy-portfolio-and-resource-stewardship-v0.1.md,124,THRESHOLD,material,commitment should identify: resources,Every material commitment should identify: resources consumed; **alternatives delayed or excluded**; str,delete the word; state the figure (e.g. 'over $X' / 'longer than N days')
CHAPTER-10-strategy-portfolio-and-resource-stewardship-v0.1.md,184,JUDGEMENT,material,", prefer the smallest","**Where uncertainty remains material, prefer the smallest commitment capable of producing useful evidence.**","FOUNDER RULES: pick a proxy, accept a human gate, or cut the clause"
CHAPTER-10-strategy-portfolio-and-resource-stewardship-v0.1.md,206,JUDGEMENT,materially,weakens**; risk exceeds tolerance;,Pause when: authority becomes unclear; **evidence materially weakens**; risk exceeds tolerance; **resources become unavailable**; stakeholder harm eme,"FOUNDER RULES: pick a proxy, accept a human gate, or cut the clause"
CHAPTER-10-strategy-portfolio-and-resource-stewardship-v0.1.md,294,THRESHOLD,material,changes; **monitor resource exhaustion**;,onitor major commitments; track threshold breaches; preserve strategic evidence; identify material changes; **monitor resource exhaustion**; **surface stop conditions.**,delete the word; state the figure (e.g. 'over $X' / 'longer than N days')
CHAPTER-10-strategy-portfolio-and-resource-stewardship-v0.1.md,302,LIST,material,evidence may constitute governance,is not failure where the original assumptions no longer hold. Refusing to change despite material evidence may constitute governance failure.**,delete the word; name the set (reuse fence.json where it already exists)
CHAPTER-10-strategy-portfolio-and-resource-stewardship-v0.1.md,318,THRESHOLD,material,projects**; allocate resources without,Agents **must not**: **self-initiate material projects**; allocate resources without authority; conceal underperformance; exaggerate ex,delete the word; state the figure (e.g. 'over $X' / 'longer than N days')
CHAPTER-11-organisational-structure-roles-accountability-and-succession-v0.1.md,122,JUDGEMENT,material,risk;,* material risk;,"FOUNDER RULES: pick a proxy, accept a human gate, or cut the clause"
CHAPTER-11-organisational-structure-roles-accountability-and-succession-v0.1.md,218,JUDGEMENT,material,risk;,* reviewing material risk;,"FOUNDER RULES: pick a proxy, accept a human gate, or cut the clause"
CHAPTER-11-organisational-structure-roles-accountability-and-succession-v0.1.md,220,LIST,material,exceptions;,* approving material exceptions;,delete the word; name the set (reuse fence.json where it already exists)
CHAPTER-11-organisational-structure-roles-accountability-and-succession-v0.1.md,327,JUDGEMENT,material,organisational unit should maintain,Every material organisational unit should maintain a charter containing:,"FOUNDER RULES: pick a proxy, accept a human gate, or cut the clause"
CHAPTER-11-organisational-structure-roles-accountability-and-succession-v0.1.md,370,LIST,material,doctrine without appropriate inheritance,* create material doctrine without appropriate inheritance and approval.,delete the word; name the set (reuse fence.json where it already exists)
CHAPTER-11-organisational-structure-roles-accountability-and-succession-v0.1.md,420,LIST,material,role should maintain a,Every material role should maintain a Role Charter containing:,delete the word; name the set (reuse fence.json where it already exists)
CHAPTER-11-organisational-structure-roles-accountability-and-succession-v0.1.md,479,LIST,material,"objective, process, risk, decision,","Every material objective, process, risk, decision, project, system, knowledge domain, and stakeholder co",delete the word; name the set (reuse fence.json where it already exists)
CHAPTER-11-organisational-structure-roles-accountability-and-succession-v0.1.md,515,LIST,material,decision should identify:,Every material decision should identify:,delete the word; name the set (reuse fence.json where it already exists)
CHAPTER-11-organisational-structure-roles-accountability-and-succession-v0.1.md,561,LIST,Material,decisions should avoid one,"Material decisions should avoid one party acting as sole recommender, decider, executor, and revie",delete the word; name the set (reuse fence.json where it already exists)
CHAPTER-11-organisational-structure-roles-accountability-and-succession-v0.1.md,565,JUDGEMENT,material,"error, misuse, self-approval, or","Nexus should separate incompatible duties where concentration of control could create material error, misuse, self-approval, or concealment.","FOUNDER RULES: pick a proxy, accept a human gate, or cut the clause"
CHAPTER-11-organisational-structure-roles-accountability-and-succession-v0.1.md,629,LIST,Material,roles should define required,Material roles should define required competence across:,delete the word; name the set (reuse fence.json where it already exists)
CHAPTER-11-organisational-structure-roles-accountability-and-succession-v0.1.md,671,JUDGEMENT,material,appointment should identify:,A material appointment should identify:,"FOUNDER RULES: pick a proxy, accept a human gate, or cut the clause"
CHAPTER-11-organisational-structure-roles-accountability-and-succession-v0.1.md,712,LIST,material,role should acknowledge:,A person or agent receiving a material role should acknowledge:,delete the word; name the set (reuse fence.json where it already exists)
CHAPTER-11-organisational-structure-roles-accountability-and-succession-v0.1.md,783,JUDGEMENT,material,accountability review should ask:,A material accountability review should ask:,"FOUNDER RULES: pick a proxy, accept a human gate, or cut the clause"
CHAPTER-11-organisational-structure-roles-accountability-and-succession-v0.1.md,827,JUDGEMENT,material,performance or conduct failure,"Where material performance or conduct failure occurs, Nexus may apply:","FOUNDER RULES: pick a proxy, accept a human gate, or cut the clause"
CHAPTER-11-organisational-structure-roles-accountability-and-succession-v0.1.md,857,JUDGEMENT,Material,incentives must be reviewed,Material incentives must be reviewed for whether they encourage:,"FOUNDER RULES: pick a proxy, accept a human gate, or cut the clause"
CHAPTER-11-organisational-structure-roles-accountability-and-succession-v0.1.md,883,LIST,material,conflicts involving:,Role holders must disclose material conflicts involving:,delete the word; name the set (reuse fence.json where it already exists)
CHAPTER-11-organisational-structure-roles-accountability-and-succession-v0.1.md,920,JUDGEMENT,material,;,* recorded where material;,"FOUNDER RULES: pick a proxy, accept a human gate, or cut the clause"
CHAPTER-11-organisational-structure-roles-accountability-and-succession-v0.1.md,938,JUDGEMENT,material,risk was visible;,* material risk was visible;,"FOUNDER RULES: pick a proxy, accept a human gate, or cut the clause"
CHAPTER-11-organisational-structure-roles-accountability-and-succession-v0.1.md,963,JUDGEMENT,material,handoff must preserve:,A material handoff must preserve:,"FOUNDER RULES: pick a proxy, accept a human gate, or cut the clause"
CHAPTER-11-organisational-structure-roles-accountability-and-succession-v0.1.md,1014,JUDGEMENT,Material,organisational governance should preserve:,Material organisational governance should preserve:,"FOUNDER RULES: pick a proxy, accept a human gate, or cut the clause"
CHAPTER-11-organisational-structure-roles-accountability-and-succession-v0.1.md,1033,JUDGEMENT,material,council or committee should,Every material council or committee should define:,"FOUNDER RULES: pick a proxy, accept a human gate, or cut the clause"
CHAPTER-11-organisational-structure-roles-accountability-and-succession-v0.1.md,1095,JUDGEMENT,material,conflicts.,* remain free from material conflicts.,"FOUNDER RULES: pick a proxy, accept a human gate, or cut the clause"
CHAPTER-11-organisational-structure-roles-accountability-and-succession-v0.1.md,1138,JUDGEMENT,material,agent must have an,Every material agent must have an accountable human or governance owner.,"FOUNDER RULES: pick a proxy, accept a human gate, or cut the clause"
CHAPTER-11-organisational-structure-roles-accountability-and-succession-v0.1.md,1173,JUDGEMENT,material,knowledge;,* material knowledge;,"FOUNDER RULES: pick a proxy, accept a human gate, or cut the clause"
CHAPTER-11-organisational-structure-roles-accountability-and-succession-v0.1.md,1221,JUDGEMENT,materially,responsible for:,Humans remain materially responsible for:,"FOUNDER RULES: pick a proxy, accept a human gate, or cut the clause"
CHAPTER-11-organisational-structure-roles-accountability-and-succession-v0.1.md,1233,JUDGEMENT,materially,impair:,Key-person risk exists where the loss or unavailability of an individual could materially impair:,"FOUNDER RULES: pick a proxy, accept a human gate, or cut the clause"
CHAPTER-11-organisational-structure-roles-accountability-and-succession-v0.1.md,1245,LIST,material,key-person dependency should identify:,Every material key-person dependency should identify:,delete the word; name the set (reuse fence.json where it already exists)
CHAPTER-11-organisational-structure-roles-accountability-and-succession-v0.1.md,1457,LIST,material,role transition should include:,A material role transition should include:,delete the word; name the set (reuse fence.json where it already exists)
CHAPTER-11-organisational-structure-roles-accountability-and-succession-v0.1.md,1499,LIST,Material,roles should validate comprehension,Material roles should validate comprehension and capability.,delete the word; name the set (reuse fence.json where it already exists)
CHAPTER-11-organisational-structure-roles-accountability-and-succession-v0.1.md,1543,JUDGEMENT,materially,lost;,* constitutional trust is materially lost;,"FOUNDER RULES: pick a proxy, accept a human gate, or cut the clause"
CHAPTER-11-organisational-structure-roles-accountability-and-succession-v0.1.md,1546,JUDGEMENT,materially,fails;,* performance materially fails;,"FOUNDER RULES: pick a proxy, accept a human gate, or cut the clause"
CHAPTER-11-organisational-structure-roles-accountability-and-succession-v0.1.md,1611,LIST,material,work.,w units must inherit relevant constitutional and operational frameworks before commencing material work.,delete the word; name the set (reuse fence.json where it already exists)
CHAPTER-11-organisational-structure-roles-accountability-and-succession-v0.1.md,1655,JUDGEMENT,material,organisational unit should identify,Every material organisational unit should identify how it will continue through:,"FOUNDER RULES: pick a proxy, accept a human gate, or cut the clause"
CHAPTER-11-organisational-structure-roles-accountability-and-succession-v0.1.md,1733,JUDGEMENT,Material,cultural drift requires governance,Material cultural drift requires governance attention.,"FOUNDER RULES: pick a proxy, accept a human gate, or cut the clause"
CHAPTER-11-organisational-structure-roles-accountability-and-succession-v0.1.md,1795,LIST,Material,organisational communication should identify:,Material organisational communication should identify:,delete the word; name the set (reuse fence.json where it already exists)
CHAPTER-11-organisational-structure-roles-accountability-and-succession-v0.1.md,1879,LIST,Material,organisational changes should record:,Material organisational changes should record:,delete the word; name the set (reuse fence.json where it already exists)
CHAPTER-11-organisational-structure-roles-accountability-and-succession-v0.1.md,1904,LIST,material,role changes;,* record material role changes;,delete the word; name the set (reuse fence.json where it already exists)
CHAPTER-11-organisational-structure-roles-accountability-and-succession-v0.1.md,2006,JUDGEMENT,material,matter.,> Assign one clear accountable owner for every material matter.,"FOUNDER RULES: pick a proxy, accept a human gate, or cut the clause"
CHAPTER-11-organisational-structure-roles-accountability-and-succession-v0.1.md,2063,JUDGEMENT,material,matter has a clear,* every material matter has a clear accountable owner;,"FOUNDER RULES: pick a proxy, accept a human gate, or cut the clause"
CHAPTER-12-delivery-quality-lifecycle-and-operational-excellence-v0.1.md,154,JUDGEMENT,material,delivery item must explain,Every material delivery item must explain why it exists.,"FOUNDER RULES: pick a proxy, accept a human gate, or cut the clause"
CHAPTER-12-delivery-quality-lifecycle-and-operational-excellence-v0.1.md,250,JUDGEMENT,Material,discovery should ask:,Material discovery should ask:,"FOUNDER RULES: pick a proxy, accept a human gate, or cut the clause"
CHAPTER-12-delivery-quality-lifecycle-and-operational-excellence-v0.1.md,411,LIST,material,changes are visible;,* material changes are visible;,delete the word; name the set (reuse fence.json where it already exists)
CHAPTER-12-delivery-quality-lifecycle-and-operational-excellence-v0.1.md,509,JUDGEMENT,Material,design should be reviewed,Material design should be reviewed for:,"FOUNDER RULES: pick a proxy, accept a human gate, or cut the clause"
CHAPTER-12-delivery-quality-lifecycle-and-operational-excellence-v0.1.md,529,LIST,Material,systems and operating models,Material systems and operating models should define:,delete the word; name the set (reuse fence.json where it already exists)
CHAPTER-12-delivery-quality-lifecycle-and-operational-excellence-v0.1.md,577,JUDGEMENT,materially,differ.,Nexus should preserve flexibility where circumstances materially differ.,"FOUNDER RULES: pick a proxy, accept a human gate, or cut the clause"
CHAPTER-12-delivery-quality-lifecycle-and-operational-excellence-v0.1.md,583,JUDGEMENT,Material,design must assume that:,Material design must assume that:,"FOUNDER RULES: pick a proxy, accept a human gate, or cut the clause"
CHAPTER-12-delivery-quality-lifecycle-and-operational-excellence-v0.1.md,652,LIST,material,decisions;,* explain material decisions;,delete the word; name the set (reuse fence.json where it already exists)
CHAPTER-12-delivery-quality-lifecycle-and-operational-excellence-v0.1.md,687,JUDGEMENT,material,delivery plan should identify:,A material delivery plan should identify:,"FOUNDER RULES: pick a proxy, accept a human gate, or cut the clause"
CHAPTER-12-delivery-quality-lifecycle-and-operational-excellence-v0.1.md,803,JUDGEMENT,Material,deviation must be recorded,Material deviation must be recorded and approved where required.,"FOUNDER RULES: pick a proxy, accept a human gate, or cut the clause"
CHAPTER-12-delivery-quality-lifecycle-and-operational-excellence-v0.1.md,896,LIST,material,reliance.,Supplier outputs must be validated before material reliance.,delete the word; name the set (reuse fence.json where it already exists)
CHAPTER-12-delivery-quality-lifecycle-and-operational-excellence-v0.1.md,946,JUDGEMENT,material,", verification or validation","Where consequence is material, verification or validation should include someone or something sufficiently independent","FOUNDER RULES: pick a proxy, accept a human gate, or cut the clause"
CHAPTER-12-delivery-quality-lifecycle-and-operational-excellence-v0.1.md,962,JUDGEMENT,material,test strategy should identify:,A material test strategy should identify:,"FOUNDER RULES: pick a proxy, accept a human gate, or cut the clause"
CHAPTER-12-delivery-quality-lifecycle-and-operational-excellence-v0.1.md,1006,JUDGEMENT,Material,test evidence should identify:,Material test evidence should identify:,"FOUNDER RULES: pick a proxy, accept a human gate, or cut the clause"
CHAPTER-12-delivery-quality-lifecycle-and-operational-excellence-v0.1.md,1054,JUDGEMENT,material,"stakeholder harm, or significantly","Prevents essential value, creates material stakeholder harm, or significantly undermines quality.","FOUNDER RULES: pick a proxy, accept a human gate, or cut the clause"
CHAPTER-12-delivery-quality-lifecycle-and-operational-excellence-v0.1.md,1108,JUDGEMENT,Material,delivery should pass proportionate,Material delivery should pass proportionate gates.,"FOUNDER RULES: pick a proxy, accept a human gate, or cut the clause"
CHAPTER-12-delivery-quality-lifecycle-and-operational-excellence-v0.1.md,1152,JUDGEMENT,material,defects are resolved or,* material defects are resolved or accepted;,"FOUNDER RULES: pick a proxy, accept a human gate, or cut the clause"
CHAPTER-12-delivery-quality-lifecycle-and-operational-excellence-v0.1.md,1190,JUDGEMENT,material,risks are accepted;,* material risks are accepted;,"FOUNDER RULES: pick a proxy, accept a human gate, or cut the clause"
CHAPTER-12-delivery-quality-lifecycle-and-operational-excellence-v0.1.md,1299,JUDGEMENT,Material,services may define:,Material services may define:,"FOUNDER RULES: pick a proxy, accept a human gate, or cut the clause"
CHAPTER-12-delivery-quality-lifecycle-and-operational-excellence-v0.1.md,1360,LIST,Material,systems and processes should,Material systems and processes should make their state understandable.,delete the word; name the set (reuse fence.json where it already exists)
CHAPTER-12-delivery-quality-lifecycle-and-operational-excellence-v0.1.md,1375,THRESHOLD,material,failure cannot be detected,An outcome cannot be responsibly operated where material failure cannot be detected or investigated.,delete the word; state the figure (e.g. 'over $X' / 'longer than N days')
CHAPTER-12-delivery-quality-lifecycle-and-operational-excellence-v0.1.md,1482,LIST,Material,debt records should identify:,Material debt records should identify:,delete the word; name the set (reuse fence.json where it already exists)
CHAPTER-12-delivery-quality-lifecycle-and-operational-excellence-v0.1.md,1667,LIST,materially,.,"Changes the delivery model, capability, architecture, or operating system materially.",delete the word; name the set (reuse fence.json where it already exists)
CHAPTER-12-delivery-quality-lifecycle-and-operational-excellence-v0.1.md,1675,LIST,material,change should identify:,A material change should identify:,delete the word; name the set (reuse fence.json where it already exists)
CHAPTER-12-delivery-quality-lifecycle-and-operational-excellence-v0.1.md,1715,LIST,Material,delivery assets must preserve:,Material delivery assets must preserve:,delete the word; name the set (reuse fence.json where it already exists)
CHAPTER-12-delivery-quality-lifecycle-and-operational-excellence-v0.1.md,1872,JUDGEMENT,Material,delivery governance should provide:,Material delivery governance should provide:,"FOUNDER RULES: pick a proxy, accept a human gate, or cut the clause"
CHAPTER-12-delivery-quality-lifecycle-and-operational-excellence-v0.1.md,1933,JUDGEMENT,material,;,* conflicts of interest are material;,"FOUNDER RULES: pick a proxy, accept a human gate, or cut the clause"
CHAPTER-12-delivery-quality-lifecycle-and-operational-excellence-v0.1.md,1981,LIST,materially,;,* scope changes materially;,delete the word; name the set (reuse fence.json where it already exists)
CHAPTER-12-delivery-quality-lifecycle-and-operational-excellence-v0.1.md,1986,JUDGEMENT,materially,compromised;,* accessibility is materially compromised;,"FOUNDER RULES: pick a proxy, accept a human gate, or cut the clause"
CHAPTER-12-delivery-quality-lifecycle-and-operational-excellence-v0.1.md,1989,THRESHOLD,materially,;,* cost or schedule changes materially;,delete the word; state the figure (e.g. 'over $X' / 'longer than N days')
CHAPTER-12-delivery-quality-lifecycle-and-operational-excellence-v0.1.md,1995,JUDGEMENT,Material,delivery reporting should distinguish:,Material delivery reporting should distinguish:,"FOUNDER RULES: pick a proxy, accept a human gate, or cut the clause"
CHAPTER-12-delivery-quality-lifecycle-and-operational-excellence-v0.1.md,2056,JUDGEMENT,Material,enhancement is active.,Material enhancement is active.,"FOUNDER RULES: pick a proxy, accept a human gate, or cut the clause"
CHAPTER-12-delivery-quality-lifecycle-and-operational-excellence-v0.1.md,2238,LIST,material,decisions;,* record material decisions;,delete the word; name the set (reuse fence.json where it already exists)
CHAPTER-12-delivery-quality-lifecycle-and-operational-excellence-v0.1.md,2264,JUDGEMENT,material,scope and release;,* approve material scope and release;,"FOUNDER RULES: pick a proxy, accept a human gate, or cut the clause"
CHAPTER-12-delivery-quality-lifecycle-and-operational-excellence-v0.1.md,2374,JUDGEMENT,material,defects and limitations;,10. material defects and limitations;,"FOUNDER RULES: pick a proxy, accept a human gate, or cut the clause"
CHAPTER-13-communication-brand-representation-and-public-trust-v0.1.md,95,NOT-IN-SCOPE,materials,;,* educational materials;,not the qualifier — leave alone
CHAPTER-13-communication-brand-representation-and-public-trust-v0.1.md,180,JUDGEMENT,material,divergence between:,A material divergence between:,"FOUNDER RULES: pick a proxy, accept a human gate, or cut the clause"
CHAPTER-13-communication-brand-representation-and-public-trust-v0.1.md,189,JUDGEMENT,materially,inaccurate information communicated without,False or materially inaccurate information communicated without necessarily intending to deceive.,"FOUNDER RULES: pick a proxy, accept a human gate, or cut the clause"
CHAPTER-13-communication-brand-representation-and-public-trust-v0.1.md,195,JUDGEMENT,Material,Omission,### Material Omission,"FOUNDER RULES: pick a proxy, accept a human gate, or cut the clause"
CHAPTER-13-communication-brand-representation-and-public-trust-v0.1.md,201,LIST,materially,altered by artificial intelligence,"ery, video, likenesses, voices, environments, demonstrations, or other media generated or materially altered by artificial intelligence or automated systems.",delete the word; name the set (reuse fence.json where it already exists)
CHAPTER-13-communication-brand-representation-and-public-trust-v0.1.md,215,JUDGEMENT,material,.,"7. Uncertainty, limitations, conditions, and conflicts are disclosed where material.","FOUNDER RULES: pick a proxy, accept a human gate, or cut the clause"
CHAPTER-13-communication-brand-representation-and-public-trust-v0.1.md,235,JUDGEMENT,Material,claims must be supported,"Material claims must be supported by evidence proportionate to their importance, specificity, risk","FOUNDER RULES: pick a proxy, accept a human gate, or cut the clause"
CHAPTER-13-communication-brand-representation-and-public-trust-v0.1.md,255,JUDGEMENT,Material,"sponsorship, automation, conflicts, limitations,","Material sponsorship, automation, conflicts, limitations, conditions, risks, uncertainty, and comm","FOUNDER RULES: pick a proxy, accept a human gate, or cut the clause"
CHAPTER-13-communication-brand-representation-and-public-trust-v0.1.md,263,LIST,material,"error occurs, protecting stakeholders","When material error occurs, protecting stakeholders and restoring the record take priority over avoidin",delete the word; name the set (reuse fence.json where it already exists)
CHAPTER-13-communication-brand-representation-and-public-trust-v0.1.md,281,LIST,material,communication must be classified,Every material communication must be classified before approval and publication.,delete the word; name the set (reuse fence.json where it already exists)
CHAPTER-13-communication-brand-representation-and-public-trust-v0.1.md,306,JUDGEMENT,material,risk;,* material risk;,"FOUNDER RULES: pick a proxy, accept a human gate, or cut the clause"
CHAPTER-13-communication-brand-representation-and-public-trust-v0.1.md,359,JUDGEMENT,material,service failures;,* material service failures;,"FOUNDER RULES: pick a proxy, accept a human gate, or cut the clause"
CHAPTER-13-communication-brand-representation-and-public-trust-v0.1.md,473,LIST,material,incident is underway;,* a material incident is underway;,delete the word; name the set (reuse fence.json where it already exists)
CHAPTER-13-communication-brand-representation-and-public-trust-v0.1.md,520,JUDGEMENT,material,brand must maintain a,Each material brand must maintain a Brand Charter defining:,"FOUNDER RULES: pick a proxy, accept a human gate, or cut the clause"
CHAPTER-13-communication-brand-representation-and-public-trust-v0.1.md,568,JUDGEMENT,Material,"drift requires review, correction,","Material drift requires review, correction, suspension, or withdrawal.","FOUNDER RULES: pick a proxy, accept a human gate, or cut the clause"
CHAPTER-13-communication-brand-representation-and-public-trust-v0.1.md,574,JUDGEMENT,material,claim must be:,Every material claim must be:,"FOUNDER RULES: pick a proxy, accept a human gate, or cut the clause"
CHAPTER-13-communication-brand-representation-and-public-trust-v0.1.md,626,JUDGEMENT,material,reusable claim must have,Every material reusable claim must have a Claim Passport containing:,"FOUNDER RULES: pick a proxy, accept a human gate, or cut the clause"
CHAPTER-13-communication-brand-representation-and-public-trust-v0.1.md,679,JUDGEMENT,material,complaint is received.,* a material complaint is received.,"FOUNDER RULES: pick a proxy, accept a human gate, or cut the clause"
CHAPTER-13-communication-brand-representation-and-public-trust-v0.1.md,729,THRESHOLD,material,"expectations about a product,","Where a communication creates material expectations about a product, service, feature, policy, deadline, price, outcome, or supp",delete the word; state the figure (e.g. 'over $X' / 'longer than N days')
CHAPTER-13-communication-brand-representation-and-public-trust-v0.1.md,755,JUDGEMENT,material,conditions;,* inaccessible material conditions;,"FOUNDER RULES: pick a proxy, accept a human gate, or cut the clause"
CHAPTER-13-communication-brand-representation-and-public-trust-v0.1.md,780,JUDGEMENT,material,exclusions;,* material exclusions;,"FOUNDER RULES: pick a proxy, accept a human gate, or cut the clause"
CHAPTER-13-communication-brand-representation-and-public-trust-v0.1.md,793,JUDGEMENT,material,relationships;,* disclose material relationships;,"FOUNDER RULES: pick a proxy, accept a human gate, or cut the clause"
CHAPTER-13-communication-brand-representation-and-public-trust-v0.1.md,797,JUDGEMENT,materially,different claim.,* not be selectively edited into a materially different claim.,"FOUNDER RULES: pick a proxy, accept a human gate, or cut the clause"
CHAPTER-13-communication-brand-representation-and-public-trust-v0.1.md,811,JUDGEMENT,material,;,* disguise its commercial purpose where material;,"FOUNDER RULES: pick a proxy, accept a human gate, or cut the clause"
CHAPTER-13-communication-brand-representation-and-public-trust-v0.1.md,850,THRESHOLD,material,public commitment may be,No material public commitment may be issued without:,delete the word; state the figure (e.g. 'over $X' / 'longer than N days')
CHAPTER-13-communication-brand-representation-and-public-trust-v0.1.md,885,THRESHOLD,material,commitment may not be,"Where a material commitment may not be fulfilled, Nexus must:",delete the word; state the figure (e.g. 'over $X' / 'longer than N days')
CHAPTER-13-communication-brand-representation-and-public-trust-v0.1.md,892,JUDGEMENT,material,facts;,6. explain the effect without concealing material facts;,"FOUNDER RULES: pick a proxy, accept a human gate, or cut the clause"
CHAPTER-13-communication-brand-representation-and-public-trust-v0.1.md,922,JUDGEMENT,material,evidence validity;,* material evidence validity;,"FOUNDER RULES: pick a proxy, accept a human gate, or cut the clause"
CHAPTER-13-communication-brand-representation-and-public-trust-v0.1.md,930,LIST,material,AI-assisted communication must remain,Every material AI-assisted communication must remain attributable to an accountable human role or author,delete the word; name the set (reuse fence.json where it already exists)
CHAPTER-13-communication-brand-representation-and-public-trust-v0.1.md,968,JUDGEMENT,material,;,* create a false impression of human interaction where that distinction is material;,"FOUNDER RULES: pick a proxy, accept a human gate, or cut the clause"
CHAPTER-13-communication-brand-representation-and-public-trust-v0.1.md,981,JUDGEMENT,materially,false impression regarding:,AI involvement must be disclosed where its absence would create a materially false impression regarding:,"FOUNDER RULES: pick a proxy, accept a human gate, or cut the clause"
CHAPTER-13-communication-brand-representation-and-public-trust-v0.1.md,996,JUDGEMENT,materially,different impression.,t hidden in terms and conditions is insufficient where the communication itself creates a materially different impression.,"FOUNDER RULES: pick a proxy, accept a human gate, or cut the clause"
CHAPTER-13-communication-brand-representation-and-public-trust-v0.1.md,1000,LIST,Material,"AI-generated communications must preserve,","Material AI-generated communications must preserve, where proportionate:",delete the word; name the set (reuse fence.json where it already exists)
CHAPTER-13-communication-brand-representation-and-public-trust-v0.1.md,1006,NOT-IN-SCOPE,materials,;,* source materials;,not the qualifier — leave alone
CHAPTER-13-communication-brand-representation-and-public-trust-v0.1.md,1008,JUDGEMENT,material,transformations;,* material transformations;,"FOUNDER RULES: pick a proxy, accept a human gate, or cut the clause"
CHAPTER-13-communication-brand-representation-and-public-trust-v0.1.md,1031,JUDGEMENT,Material,uncertainty must not be,Material uncertainty must not be concealed through confident language.,"FOUNDER RULES: pick a proxy, accept a human gate, or cut the clause"
CHAPTER-13-communication-brand-representation-and-public-trust-v0.1.md,1056,LIST,material,error.,must maintain a correction process capable of restoring the information environment after material error.,delete the word; name the set (reuse fence.json where it already exists)
CHAPTER-13-communication-brand-representation-and-public-trust-v0.1.md,1062,LIST,materially,correct but could be,Used where the original communication remains materially correct but could be clearer.,delete the word; name the set (reuse fence.json where it already exists)
CHAPTER-13-communication-brand-representation-and-public-trust-v0.1.md,1064,JUDGEMENT,Material,Correction,#### Level 2 — Material Correction,"FOUNDER RULES: pick a proxy, accept a human gate, or cut the clause"
CHAPTER-13-communication-brand-representation-and-public-trust-v0.1.md,1070,JUDGEMENT,materially,"unreliable, unauthorised, deceptive, unsafe,","Used where the central claim or communication is materially unreliable, unauthorised, deceptive, unsafe, or unsupported.","FOUNDER RULES: pick a proxy, accept a human gate, or cut the clause"
CHAPTER-13-communication-brand-representation-and-public-trust-v0.1.md,1083,JUDGEMENT,material,;,* explain the practical effect where material;,"FOUNDER RULES: pick a proxy, accept a human gate, or cut the clause"
CHAPTER-13-communication-brand-representation-and-public-trust-v0.1.md,1122,JUDGEMENT,material,uncertainty;,6. acknowledge material uncertainty;,"FOUNDER RULES: pick a proxy, accept a human gate, or cut the clause"
CHAPTER-13-communication-brand-representation-and-public-trust-v0.1.md,1148,LIST,Material,crisis communications must be,Material crisis communications must be coordinated through an identified authoritative source.,delete the word; name the set (reuse fence.json where it already exists)
CHAPTER-13-communication-brand-representation-and-public-trust-v0.1.md,1178,JUDGEMENT,materially,false information affecting:,Nexus must maintain proportionate capability to identify and respond to materially false information affecting:,"FOUNDER RULES: pick a proxy, accept a human gate, or cut the clause"
CHAPTER-13-communication-brand-representation-and-public-trust-v0.1.md,1186,LIST,material,decisions;,* material decisions;,delete the word; name the set (reuse fence.json where it already exists)
CHAPTER-13-communication-brand-representation-and-public-trust-v0.1.md,1273,LIST,Material,internal communication must make,Material internal communication must make clear:,delete the word; name the set (reuse fence.json where it already exists)
CHAPTER-13-communication-brand-representation-and-public-trust-v0.1.md,1294,JUDGEMENT,material,risks;,* material risks;,"FOUNDER RULES: pick a proxy, accept a human gate, or cut the clause"
CHAPTER-13-communication-brand-representation-and-public-trust-v0.1.md,1365,JUDGEMENT,material,;,4. evidence and technical material;,"FOUNDER RULES: pick a proxy, accept a human gate, or cut the clause"
CHAPTER-13-communication-brand-representation-and-public-trust-v0.1.md,1370,LIST,Material,communication may require:,Material communication may require:,delete the word; name the set (reuse fence.json where it already exists)
CHAPTER-13-communication-brand-representation-and-public-trust-v0.1.md,1405,LIST,materially,changes.,* reviewed when the use materially changes.,delete the word; name the set (reuse fence.json where it already exists)
CHAPTER-13-communication-brand-representation-and-public-trust-v0.1.md,1458,LIST,material,"subject, Nexus must identify","For each material subject, Nexus must identify where stakeholders can find the current authoritative versio",delete the word; name the set (reuse fence.json where it already exists)
CHAPTER-13-communication-brand-representation-and-public-trust-v0.1.md,1460,THRESHOLD,material,policy or commitment.,"agent answers, or third-party publications must not silently become the sole source of a material policy or commitment.",delete the word; state the figure (e.g. 'over $X' / 'longer than N days')
CHAPTER-13-communication-brand-representation-and-public-trust-v0.1.md,1464,LIST,Material,communications must preserve:,Material communications must preserve:,delete the word; name the set (reuse fence.json where it already exists)
CHAPTER-13-communication-brand-representation-and-public-trust-v0.1.md,1585,JUDGEMENT,material,constitutional brand drift;,* reviews material constitutional brand drift;,"FOUNDER RULES: pick a proxy, accept a human gate, or cut the clause"
CHAPTER-13-communication-brand-representation-and-public-trust-v0.1.md,1595,JUDGEMENT,material,governance and corporate positions;,* approves material governance and corporate positions;,"FOUNDER RULES: pick a proxy, accept a human gate, or cut the clause"
CHAPTER-13-communication-brand-representation-and-public-trust-v0.1.md,1662,JUDGEMENT,material,communicated.,ommunicates only within delegated authority and remains accountable for understanding the material communicated.,"FOUNDER RULES: pick a proxy, accept a human gate, or cut the clause"
CHAPTER-13-communication-brand-representation-and-public-trust-v0.1.md,1716,LIST,Material,communication must follow the,Material communication must follow the lifecycle below.,delete the word; name the set (reuse fence.json where it already exists)
CHAPTER-13-communication-brand-representation-and-public-trust-v0.1.md,1746,JUDGEMENT,material,limitations;,* material limitations;,"FOUNDER RULES: pick a proxy, accept a human gate, or cut the clause"
CHAPTER-13-communication-brand-representation-and-public-trust-v0.1.md,1846,JUDGEMENT,material,"claims supportable, current, and","Are material claims supportable, current, and traceable?","FOUNDER RULES: pick a proxy, accept a human gate, or cut the clause"
CHAPTER-13-communication-brand-representation-and-public-trust-v0.1.md,1882,LIST,material,legal or regulatory issue,* a material legal or regulatory issue exists;,delete the word; name the set (reuse fence.json where it already exists)
CHAPTER-13-communication-brand-representation-and-public-trust-v0.1.md,1886,JUDGEMENT,materially,harmed;,* a vulnerable stakeholder may be materially harmed;,"FOUNDER RULES: pick a proxy, accept a human gate, or cut the clause"
CHAPTER-13-communication-brand-representation-and-public-trust-v0.1.md,1891,JUDGEMENT,material,correction is unresolved;,* a material correction is unresolved;,"FOUNDER RULES: pick a proxy, accept a human gate, or cut the clause"
CHAPTER-13-communication-brand-representation-and-public-trust-v0.1.md,1906,JUDGEMENT,material,facts;,* conceal material facts;,"FOUNDER RULES: pick a proxy, accept a human gate, or cut the clause"
CHAPTER-13-communication-brand-representation-and-public-trust-v0.1.md,1912,JUDGEMENT,material,;,* represent automation as human judgement where material;,"FOUNDER RULES: pick a proxy, accept a human gate, or cut the clause"
CHAPTER-13-communication-brand-representation-and-public-trust-v0.1.md,1921,JUDGEMENT,material,;,* publish synthetic media as authentic where the distinction is material;,"FOUNDER RULES: pick a proxy, accept a human gate, or cut the clause"
CHAPTER-13-communication-brand-representation-and-public-trust-v0.1.md,1935,LIST,material,communication incident;,* after a material communication incident;,delete the word; name the set (reuse fence.json where it already exists)
CHAPTER-13-communication-brand-representation-and-public-trust-v0.1.md,1938,LIST,material,legal or regulatory change;,* after a material legal or regulatory change;,delete the word; name the set (reuse fence.json where it already exists)
CHAPTER-13-communication-brand-representation-and-public-trust-v0.1.md,1943,JUDGEMENT,material,expansion into a new,* before material expansion into a new jurisdiction.,"FOUNDER RULES: pick a proxy, accept a human gate, or cut the clause"
CHAPTER-13-communication-brand-representation-and-public-trust-v0.1.md,2042,JUDGEMENT,materially,false understanding despite each,Could a reasonable stakeholder form a materially false understanding despite each individual sentence appearing technically defensible?,"FOUNDER RULES: pick a proxy, accept a human gate, or cut the clause"
CHAPTER-13-communication-brand-representation-and-public-trust-v0.1.md,2046,LIST,material,communication be traced to,"Can every material communication be traced to an authorised person, role, or body?",delete the word; name the set (reuse fence.json where it already exists)
CHAPTER-13-communication-brand-representation-and-public-trust-v0.1.md,2050,JUDGEMENT,material,claim be traced to,Can each material claim be traced to current supporting evidence?,"FOUNDER RULES: pick a proxy, accept a human gate, or cut the clause"
CHAPTER-13-communication-brand-representation-and-public-trust-v0.1.md,2070,LIST,material,error?,Can Nexus locate the affected audience and repair the record after material error?,delete the word; name the set (reuse fence.json where it already exists)
CHAPTER-13-communication-brand-representation-and-public-trust-v0.1.md,2106,JUDGEMENT,material,.,"nguishable and not disguised as independent content, reviews, research, or user-generated material.","FOUNDER RULES: pick a proxy, accept a human gate, or cut the clause"
CHAPTER-13-communication-brand-representation-and-public-trust-v0.1.md,2121,JUDGEMENT,material,claims traceable to current,> Make material claims traceable to current evidence.,"FOUNDER RULES: pick a proxy, accept a human gate, or cut the clause"
CHAPTER-13-communication-brand-representation-and-public-trust-v0.1.md,2124,JUDGEMENT,material,limitations.,"> Do not disguise advertising, automation, uncertainty, sponsorship, or material limitations.","FOUNDER RULES: pick a proxy, accept a human gate, or cut the clause"
CHAPTER-13-communication-brand-representation-and-public-trust-v0.1.md,2128,JUDGEMENT,material,error visibly and proportionately.,> Correct material error visibly and proportionately.,"FOUNDER RULES: pick a proxy, accept a human gate, or cut the clause"
CHAPTER-3-decision-and-reasoning-framework-v0.1.md,42,LIST,material,recommendation or decision must,Every material recommendation or decision must be traceable through the following chain:,delete the word; name the set (reuse fence.json where it already exists)
CHAPTER-3-decision-and-reasoning-framework-v0.1.md,91,JUDGEMENT,material,when it may significantly,A decision becomes material when it may significantly affect one or more of the following:,"FOUNDER RULES: pick a proxy, accept a human gate, or cut the clause"
CHAPTER-3-decision-and-reasoning-framework-v0.1.md,104,LIST,Material,decisions automatically require documented,Material decisions automatically require documented constitutional assessment and appropriate gove,delete the word; name the set (reuse fence.json where it already exists)
CHAPTER-3-decision-and-reasoning-framework-v0.1.md,126,JUDGEMENT,Material,evidence should include:,Material evidence should include:,"FOUNDER RULES: pick a proxy, accept a human gate, or cut the clause"
CHAPTER-3-decision-and-reasoning-framework-v0.1.md,135,JUDGEMENT,material,recommendation must state its,Every material recommendation must state its confidence level.,"FOUNDER RULES: pick a proxy, accept a human gate, or cut the clause"
CHAPTER-3-decision-and-reasoning-framework-v0.1.md,149,JUDGEMENT,Material,proposals should undergo the,The depth of analysis must be proportionate to materiality. Material proposals should undergo the following tests.,"FOUNDER RULES: pick a proxy, accept a human gate, or cut the clause"
CHAPTER-3-decision-and-reasoning-framework-v0.1.md,210,LIST,Material,decisions should not begin,Material decisions should not begin with a preferred answer and work backwards.,delete the word; name the set (reuse fence.json where it already exists)
CHAPTER-3-decision-and-reasoning-framework-v0.1.md,240,JUDGEMENT,materially,contradictory;,* evidence is materially contradictory;,"FOUNDER RULES: pick a proxy, accept a human gate, or cut the clause"
CHAPTER-3-decision-and-reasoning-framework-v0.1.md,261,LIST,material,work;,* preserve the reasoning chain for material work;,delete the word; name the set (reuse fence.json where it already exists)
CHAPTER-3-decision-and-reasoning-framework-v0.1.md,264,LIST,material,recommendations and outcomes;,* record material recommendations and outcomes;,delete the word; name the set (reuse fence.json where it already exists)
CHAPTER-3-decision-and-reasoning-framework-v0.1.md,274,LIST,material,decision merely because it,* execute a material decision merely because it appears obvious;,delete the word; name the set (reuse fence.json where it already exists)
CHAPTER-3-decision-and-reasoning-framework-v0.1.md,285,LIST,materially,"contributes to a decision,","he use of AI does not reduce the evidence, transparency, or governance standard. Where AI materially contributes to a decision, that contribution must be discoverable.",delete the word; name the set (reuse fence.json where it already exists)
CHAPTER-3-decision-and-reasoning-framework-v0.1.md,289,LIST,material,decision record should contain:,Every material decision record should contain:,delete the word; name the set (reuse fence.json where it already exists)
CHAPTER-3-decision-and-reasoning-framework-v0.1.md,342,JUDGEMENT,material,risk.,"> Surface uncertainty, dissent, and material risk.","FOUNDER RULES: pick a proxy, accept a human gate, or cut the clause"
CHAPTER-3-decision-and-reasoning-framework-v0.1.md,352,LIST,material,decisions were made;,* people can reconstruct why material decisions were made;,delete the word; name the set (reuse fence.json where it already exists)
CHAPTER-4-success-and-measurement-framework-v0.1.md,85,JUDGEMENT,material,initiative must identify the,Every material initiative must identify the capability it is intended to expand — understanding; practic,"FOUNDER RULES: pick a proxy, accept a human gate, or cut the clause"
CHAPTER-4-success-and-measurement-framework-v0.1.md,157,JUDGEMENT,material,metric should identify: definition;,Every material metric should identify: definition; purpose; baseline; desired direction; target or accep,"FOUNDER RULES: pick a proxy, accept a human gate, or cut the clause"
CHAPTER-4-success-and-measurement-framework-v0.1.md,221,JUDGEMENT,materially,"undermines human capability, evidence","A profitable activity that materially undermines human capability, evidence integrity, accessibility, trust, or constitutional","FOUNDER RULES: pick a proxy, accept a human gate, or cut the clause"
CHAPTER-4-success-and-measurement-framework-v0.1.md,233,JUDGEMENT,Material,drift indicators require governance,**Material drift indicators require governance review.**,"FOUNDER RULES: pick a proxy, accept a human gate, or cut the clause"
CHAPTER-4-success-and-measurement-framework-v0.1.md,238,JUDGEMENT,material,exceptions; decision-quality sampling; metric,**Monthly** — constitutional scorecard review; material exceptions; decision-quality sampling; metric anomalies; dependency and accessibility con,"FOUNDER RULES: pick a proxy, accept a human gate, or cut the clause"
CHAPTER-4-success-and-measurement-framework-v0.1.md,247,JUDGEMENT,material,measure must have an,"Every material measure must have an accountable owner, responsible for: definition; evidence integrity;","FOUNDER RULES: pick a proxy, accept a human gate, or cut the clause"
CHAPTER-4-success-and-measurement-framework-v0.1.md,249,LIST,materially,change measurement standards without,"analyse, monitor, and report metrics. **Agents may not redefine constitutional success or materially change measurement standards without authorised governance.**",delete the word; name the set (reuse fence.json where it already exists)
CHAPTER-5-knowledge-evidence-and-institutional-memory-v0.1.md,42,JUDGEMENT,materially,"different meaning, or replaced","fingerprints; non-delegable boundaries. **May not be silently changed, paraphrased into a materially different meaning, or replaced by operational convenience.**","FOUNDER RULES: pick a proxy, accept a human gate, or cut the clause"
CHAPTER-5-knowledge-evidence-and-institutional-memory-v0.1.md,87,JUDGEMENT,material,knowledge item must include,Every material knowledge item must include enough provenance to answer: Where did this come from? Who cr,"FOUNDER RULES: pick a proxy, accept a human gate, or cut the clause"
CHAPTER-5-knowledge-evidence-and-institutional-memory-v0.1.md,116,LIST,material,item should identify whether,Every material item should identify whether it is: timeless or principle-based; slow-changing; periodica,delete the word; name the set (reuse fence.json where it already exists)
CHAPTER-5-knowledge-evidence-and-institutional-memory-v0.1.md,120,LIST,materially,; operating conditions change;,should be reviewed when: the legal or regulatory environment changes; technology changes materially; operating conditions change; contradictory evidence emerges; a decision produces unexpec,delete the word; name the set (reuse fence.json where it already exists)
CHAPTER-5-knowledge-evidence-and-institutional-memory-v0.1.md,120,THRESHOLD,material,.,ent identifies possible obsolescence; the cost of relying on outdated information becomes material.,delete the word; state the figure (e.g. 'over $X' / 'longer than N days')
CHAPTER-5-knowledge-evidence-and-institutional-memory-v0.1.md,128,JUDGEMENT,material,"contradiction exists, Nexus must:","When material contradiction exists, Nexus must: (1) identify the exact claims in conflict; (2) compare","FOUNDER RULES: pick a proxy, accept a human gate, or cut the clause"
CHAPTER-5-knowledge-evidence-and-institutional-memory-v0.1.md,128,LIST,material,; (9) define the,ine whether the contradiction affects active decisions; (8) escalate where consequence is material; (9) define the evidence required to resolve it; (10) preserve the disagreement for futur,delete the word; name the set (reuse fence.json where it already exists)
CHAPTER-5-knowledge-evidence-and-institutional-memory-v0.1.md,150,LIST,material,transition points.**,"s, agents, and organisational systems must inherit relevant doctrine at initiation and at material transition points.**",delete the word; name the set (reuse fence.json where it already exists)
CHAPTER-5-knowledge-evidence-and-institutional-memory-v0.1.md,158,LIST,material,.,ed doctrine; supporting evidence; owner; effective date; review date; version; superseded material.,delete the word; name the set (reuse fence.json where it already exists)
CHAPTER-5-knowledge-evidence-and-institutional-memory-v0.1.md,180,LIST,material,decision; establishes doctrine; records,**Retain** when it: explains a material decision; establishes doctrine; records a constitutional interpretation; prevents a repea,delete the word; name the set (reuse fence.json where it already exists)
CHAPTER-5-knowledge-evidence-and-institutional-memory-v0.1.md,180,LIST,materially,influence future decisions.,or governance accountability; protects continuity; reveals organisational evolution; may materially influence future decisions.,delete the word; name the set (reuse fence.json where it already exists)
CHAPTER-5-knowledge-evidence-and-institutional-memory-v0.1.md,188,JUDGEMENT,material,knowledge domain must have,"Every material knowledge domain must have an accountable steward, responsible for: accuracy; structure;","FOUNDER RULES: pick a proxy, accept a human gate, or cut the clause"
CHAPTER-5-knowledge-evidence-and-institutional-memory-v0.1.md,204,LIST,Material,knowledge changes should be,Material knowledge changes should be attributable and recoverable.,delete the word; name the set (reuse fence.json where it already exists)
CHAPTER-5-knowledge-evidence-and-institutional-memory-v0.1.md,222,JUDGEMENT,material,merely because less reliable,"**Relevance ranking must not hide authoritative material merely because less reliable content is more recent, popular, or linguistically similar.*","FOUNDER RULES: pick a proxy, accept a human gate, or cut the clause"
CHAPTER-5-knowledge-evidence-and-institutional-memory-v0.1.md,236,LIST,material,project knowledge.**,"*Silent overwriting is prohibited for constitutional, governance, doctrine, decision, and material project knowledge.**",delete the word; name the set (reuse fence.json where it already exists)
CHAPTER-5-knowledge-evidence-and-institutional-memory-v0.1.md,256,JUDGEMENT,Material,knowledge should be tested,Material knowledge should be tested for: accuracy; completeness; provenance; relevance; recency; i,"FOUNDER RULES: pick a proxy, accept a human gate, or cut the clause"
CHAPTER-5-knowledge-evidence-and-institutional-memory-v0.1.md,272,JUDGEMENT,material,research package should identify:,A material research package should identify: research question; constitutional relevance; scope; dec,"FOUNDER RULES: pick a proxy, accept a human gate, or cut the clause"
CHAPTER-5-knowledge-evidence-and-institutional-memory-v0.1.md,284,LIST,materially,contributed; original sources where,AI-generated knowledge must disclose: that AI materially contributed; original sources where applicable; level of human or system validation; unce,delete the word; name the set (reuse fence.json where it already exists)
CHAPTER-5-knowledge-evidence-and-institutional-memory-v0.1.md,300,LIST,material,"handoff between agents, systems,","Every material handoff between agents, systems, projects, or sessions should preserve: objective; consti",delete the word; name the set (reuse fence.json where it already exists)
CHAPTER-5-knowledge-evidence-and-institutional-memory-v0.1.md,304,LIST,material,action.**,**The receiving agent must validate the handoff before relying upon it for material action.**,delete the word; name the set (reuse fence.json where it already exists)
CHAPTER-5-knowledge-evidence-and-institutional-memory-v0.1.md,308,LIST,material,evidence; dissent; next actions;,tent; authority; commitments; decisions; provenance; unresolved risk; active constraints; material evidence; dissent; next actions; status.,delete the word; name the set (reuse fence.json where it already exists)
CHAPTER-5-knowledge-evidence-and-institutional-memory-v0.1.md,312,LIST,material,decision; **merge conflicting claims,rtainty; **convert proposals into approvals**; remove dissent; remove the reason behind a material decision; **merge conflicting claims into false agreement**; remove conditions attached t,delete the word; name the set (reuse fence.json where it already exists)
CHAPTER-5-knowledge-evidence-and-institutional-memory-v0.1.md,321,JUDGEMENT,material,item;,4. retain the current authoritative status of each material item;,"FOUNDER RULES: pick a proxy, accept a human gate, or cut the clause"
CHAPTER-5-knowledge-evidence-and-institutional-memory-v0.1.md,328,NOT-IN-SCOPE,material,compressed;,11. identify the source material compressed;,not the qualifier — leave alone
CHAPTER-5-knowledge-evidence-and-institutional-memory-v0.1.md,332,JUDGEMENT,material,reasoning.,15. undergo validation before use in material reasoning.,"FOUNDER RULES: pick a proxy, accept a human gate, or cut the clause"
CHAPTER-5-knowledge-evidence-and-institutional-memory-v0.1.md,340,LIST,materially,different action because essential,**Compression fails when a reasonable agent could take materially different action because essential context was removed or distorted.**,delete the word; name the set (reuse fence.json where it already exists)
CHAPTER-5-knowledge-evidence-and-institutional-memory-v0.1.md,352,LIST,material,changes without approval.**,"may not silently declare contested information authoritative, amend doctrine, or execute material changes without approval.**",delete the word; name the set (reuse fence.json where it already exists)
CHAPTER-5-knowledge-evidence-and-institutional-memory-v0.1.md,356,JUDGEMENT,material,evidence; preserve provenance; identify,**Continuous** — capture material evidence; preserve provenance; identify contradictions; monitor security and integrity; r,"FOUNDER RULES: pick a proxy, accept a human gate, or cut the clause"
CHAPTER-5-knowledge-evidence-and-institutional-memory-v0.1.md,364,THRESHOLD,material,knowledge with provenance; percentage,Percentage of material knowledge with provenance; percentage with current review status; retrieval success; time,delete the word; state the figure (e.g. 'over $X' / 'longer than N days')
CHAPTER-5-knowledge-evidence-and-institutional-memory-v0.1.md,364,LIST,material,; context-compression failures; repeated,ted evidence in active use; duplicate or competing doctrine; agent reliance on unverified material; context-compression failures; repeated mistakes caused by inaccessible knowledge; lesson,delete the word; name the set (reuse fence.json where it already exists)
CHAPTER-5-knowledge-evidence-and-institutional-memory-v0.1.md,364,LIST,material,decisions; **silent edit incidents**;,aused by inaccessible knowledge; lessons reused across projects; knowledge gaps affecting material decisions; **silent edit incidents**; **institutional memory lost during handoff**; stake,delete the word; name the set (reuse fence.json where it already exists)
CHAPTER-5-knowledge-evidence-and-institutional-memory-v0.1.md,378,LIST,Material,lessons: situation; original objective;,Material lessons: situation; original objective; context; action taken; evidence available at the,delete the word; name the set (reuse fence.json where it already exists)
CHAPTER-5-knowledge-evidence-and-institutional-memory-v0.1.md,384,JUDGEMENT,material,knowledge item: (1) What,Before relying on a material knowledge item: (1) What is the claim? (2) What type of knowledge is it? (3) What support,"FOUNDER RULES: pick a proxy, accept a human gate, or cut the clause"
CHAPTER-5-knowledge-evidence-and-institutional-memory-v0.1.md,416,JUDGEMENT,material,claims remain traceable to,succeeds when: authorised people and agents can locate trustworthy knowledge when needed; material claims remain traceable to evidence; current and historical knowledge are clearly disting,"FOUNDER RULES: pick a proxy, accept a human gate, or cut the clause"
CHAPTER-5-knowledge-evidence-and-institutional-memory-v0.1.md,416,JUDGEMENT,material,harm; AI-generated content does,e does not depend on individual memory; outdated information is identified before causing material harm; AI-generated content does not become authoritative without validation; context comp,"FOUNDER RULES: pick a proxy, accept a human gate, or cut the clause"
CHAPTER-5-knowledge-evidence-and-institutional-memory-v0.1.md,433,JUDGEMENT,material,transition points. No mechanism,rine-inheritance testing** | **❌ CANNOT RUN. §5.14 mandates inheritance at initiation and material transition points. No mechanism exists** — gitignored paths; `bootstrap.sh` wires 1 of 3,"FOUNDER RULES: pick a proxy, accept a human gate, or cut the clause"
CHAPTER-6-authority-delegation-and-agent-autonomy-v0.1.md,37,THRESHOLD,material,-risk review; dispute resolution;,pproval; policy approval; decision-threshold definition; permission-framework management; material-risk review; dispute resolution; audit and accountability; **controlled expansion or redu,delete the word; state the figure (e.g. 'over $X' / 'longer than N days')
CHAPTER-6-authority-delegation-and-agent-autonomy-v0.1.md,37,LIST,material,exceptions. Subordinate to constitutional,and accountability; **controlled expansion or reduction of agent authority**; approval of material exceptions. Subordinate to constitutional authority.,delete the word; name the set (reuse fence.json where it already exists)
CHAPTER-6-authority-delegation-and-agent-autonomy-v0.1.md,39,LIST,material,organisational change proposals; strategic,jor project direction; product and service positioning; approved partnership development; material organisational change proposals; strategic preparation and recommendation. **May recommen,delete the word; name the set (reuse fence.json where it already exists)
CHAPTER-6-authority-delegation-and-agent-autonomy-v0.1.md,43,THRESHOLD,material,resource use unless separately,"n. **Does not include external commitment, irreversible action, constitutional change, or material resource use unless separately authorised.**",delete the word; state the figure (e.g. 'over $X' / 'longer than N days')
CHAPTER-6-authority-delegation-and-agent-autonomy-v0.1.md,55,LIST,material,permission is absent or,"**Where a material permission is absent or ambiguous, the receiving party must default to preparation, clari",delete the word; name the set (reuse fence.json where it already exists)
CHAPTER-6-authority-delegation-and-agent-autonomy-v0.1.md,59,LIST,materially,weaken a core principle;,osophy; amend the constitutional preamble; redefine the organisation's mission; remove or materially weaken a core principle; transfer ultimate constitutional authority; **declare itself a c,delete the word; name the set (reuse fence.json where it already exists)
CHAPTER-6-authority-delegation-and-agent-autonomy-v0.1.md,65,LIST,materially,involved where decisions affect:,Human judgement must remain materially involved where decisions affect: constitutional identity; serious human welfare; legal ri,delete the word; name the set (reuse fence.json where it already exists)
CHAPTER-6-authority-delegation-and-agent-autonomy-v0.1.md,65,JUDGEMENT,material,conflicts of interest; high-impact,irreversible disclosure of sensitive information; public moral or political positioning; material conflicts of interest; high-impact stakeholder vulnerability; emergency constitutional in,"FOUNDER RULES: pick a proxy, accept a human gate, or cut the clause"
CHAPTER-6-authority-delegation-and-agent-autonomy-v0.1.md,87,JUDGEMENT,material,stakeholder harm.,"hin doctrine, within budget, logged, reversible, limited in scope, and unlikely to create material stakeholder harm.","FOUNDER RULES: pick a proxy, accept a human gate, or cut the clause"
CHAPTER-6-authority-delegation-and-agent-autonomy-v0.1.md,89,JUDGEMENT,Material,Operations.** Requires demonstrated reliability;,**Level 4 — Execute Bounded Material Operations.** Requires demonstrated reliability; defined monitoring; tested rollback; cle,"FOUNDER RULES: pick a proxy, accept a human gate, or cut the clause"
CHAPTER-6-authority-delegation-and-agent-autonomy-v0.1.md,115,LIST,materially,; doctrine is repeatedly,ders are harmed; records are incomplete; security controls fail; system behaviour changes materially; doctrine is repeatedly misinterpreted; an agent delegates without authority; **context c,delete the word; name the set (reuse fence.json where it already exists)
CHAPTER-6-authority-delegation-and-agent-autonomy-v0.1.md,115,JUDGEMENT,material,misunderstanding**; monitoring is unavailable;,atedly misinterpreted; an agent delegates without authority; **context compression causes material misunderstanding**; monitoring is unavailable; a conflict of interest emerges; legal or r,"FOUNDER RULES: pick a proxy, accept a human gate, or cut the clause"
CHAPTER-6-authority-delegation-and-agent-autonomy-v0.1.md,121,JUDGEMENT,material,"cost, harm, loss, or","**Fully Reversible** — undone without material cost, harm, loss, or stakeholder impact.","FOUNDER RULES: pick a proxy, accept a human gate, or cut the clause"
CHAPTER-6-authority-delegation-and-agent-autonomy-v0.1.md,136,THRESHOLD,material,commitment occurs when Nexus,A material commitment occurs when Nexus becomes bound or reasonably represented as bound — financial,delete the word; state the figure (e.g. 'over $X' / 'longer than N days')
CHAPTER-6-authority-delegation-and-agent-autonomy-v0.1.md,146,THRESHOLD,materially,altered terms without review;,suppliers based on undisclosed incentives; create subscriptions without authority; accept materially altered terms without review; commit future expenditure beyond delegated periods; **infer,delete the word; state the figure (e.g. 'over $X' / 'longer than N days')
CHAPTER-6-authority-delegation-and-agent-autonomy-v0.1.md,156,LIST,Material,external communications should be,Material external communications should be checked for: factual accuracy; constitutional alignment,delete the word; name the set (reuse fence.json where it already exists)
CHAPTER-6-authority-delegation-and-agent-autonomy-v0.1.md,162,LIST,materially,contradicts the Founder's Philosophy;,"No project, agent, or team may represent Nexus in a way that materially contradicts the Founder's Philosophy; constitutional principles; approved purpose; access",delete the word; name the set (reuse fence.json where it already exists)
CHAPTER-6-authority-delegation-and-agent-autonomy-v0.1.md,216,THRESHOLD,material,actions.** Where delay itself,"**Agents must not exploit silence to proceed with material actions.** Where delay itself creates material risk, follow emergency or escalation proce",delete the word; state the figure (e.g. 'over $X' / 'longer than N days')
CHAPTER-6-authority-delegation-and-agent-autonomy-v0.1.md,216,THRESHOLD,material,"risk, follow emergency or","s must not exploit silence to proceed with material actions.** Where delay itself creates material risk, follow emergency or escalation procedures.",delete the word; state the figure (e.g. 'over $X' / 'longer than N days')
CHAPTER-6-authority-delegation-and-agent-autonomy-v0.1.md,220,LIST,materially,harmed; an action is,he consequence; an instruction appears unlawful or unconstitutional; a stakeholder may be materially harmed; an action is difficult to reverse; a significant conflict of interest exists; age,delete the word; name the set (reuse fence.json where it already exists)
CHAPTER-6-authority-delegation-and-agent-autonomy-v0.1.md,228,LIST,material,.,otify relevant authority; define conditions for resumption; be permanently recorded where material.,delete the word; name the set (reuse fence.json where it already exists)
CHAPTER-6-authority-delegation-and-agent-autonomy-v0.1.md,256,LIST,Material,conflicts must be disclosed.,Material conflicts must be disclosed. Affected authorities may be required to: abstain; seek indep,delete the word; name the set (reuse fence.json where it already exists)
CHAPTER-6-authority-delegation-and-agent-autonomy-v0.1.md,280,LIST,material,; (6) preserve the,here necessary; (4) propose a compliant alternative; (5) escalate if the conflict remains material; (6) preserve the instruction and response in the decision record.,delete the word; name the set (reuse fence.json where it already exists)
CHAPTER-6-authority-delegation-and-agent-autonomy-v0.1.md,304,THRESHOLD,material,authority use; monitor threshold,**Continuous** — log material authority use; monitor threshold breaches; detect unusual tool activity; detect unauthori,delete the word; state the figure (e.g. 'over $X' / 'longer than N days')
CHAPTER-6-authority-delegation-and-agent-autonomy-v0.1.md,308,LIST,Material,Incident** — immediate authority,**After Material Incident** — immediate authority review; permission suspension where necessary; root-caus,delete the word; name the set (reuse fence.json where it already exists)
CHAPTER-6-authority-delegation-and-agent-autonomy-v0.1.md,340,JUDGEMENT,material,risk.,"> Escalate uncertainty, conflict, and material risk.","FOUNDER RULES: pick a proxy, accept a human gate, or cut the clause"
CHAPTER-6-authority-delegation-and-agent-autonomy-v0.1.md,343,JUDGEMENT,material,exercise of power must,> Every material exercise of power must be traceable.,"FOUNDER RULES: pick a proxy, accept a human gate, or cut the clause"
CHAPTER-6-authority-delegation-and-agent-autonomy-v0.1.md,365,JUDGEMENT,material,uncertainty triggers escalation; systems,"n, tool, and data powers are governed; high-risk actions receive proportionate oversight; material uncertainty triggers escalation; systems can be paused and recovered; authority survives","FOUNDER RULES: pick a proxy, accept a human gate, or cut the clause"
CHAPTER-7-continuous-cognitive-loop-and-foresight-v0.1.md,16,JUDGEMENT,material,change; interprets signals; identifies,This framework defines how Nexus continuously: observes relevant conditions; detects material change; interprets signals; identifies risks and opportunities; challenges assumptions; a,"FOUNDER RULES: pick a proxy, accept a human gate, or cut the clause"
CHAPTER-7-continuous-cognitive-loop-and-foresight-v0.1.md,26,LIST,material,decisions; **manufacture urgency**; override,rnal commitments; spend resources beyond authority; expose protected information; execute material decisions; **manufacture urgency**; override governance; **convert predictions into facts,delete the word; name the set (reuse fence.json where it already exists)
CHAPTER-7-continuous-cognitive-loop-and-foresight-v0.1.md,91,THRESHOLD,Material,and Time-Critical.** Delay may,**P1 — Material and Time-Critical.** Delay may materially reduce options or increase harm.,delete the word; state the figure (e.g. 'over $X' / 'longer than N days')
CHAPTER-7-continuous-cognitive-loop-and-foresight-v0.1.md,91,JUDGEMENT,materially,reduce options or increase,**P1 — Material and Time-Critical.** Delay may materially reduce options or increase harm.,"FOUNDER RULES: pick a proxy, accept a human gate, or cut the clause"
CHAPTER-7-continuous-cognitive-loop-and-foresight-v0.1.md,92,LIST,Material,"but Preparatory.** Structured research,","**P2 — Material but Preparatory.** Structured research, analysis, planning, or staged work before a decis",delete the word; name the set (reuse fence.json where it already exists)
CHAPTER-7-continuous-cognitive-loop-and-foresight-v0.1.md,121,LIST,material,risks occur) · **Disruptive**,er current evidence) · **Positive** (if key opportunities are realised) · **Adverse** (if material risks occur) · **Disruptive** (unexpected change invalidating current assumptions) · **No,delete the word; name the set (reuse fence.json where it already exists)
CHAPTER-7-continuous-cognitive-loop-and-foresight-v0.1.md,175,THRESHOLD,material,resources; **pressure governance into,**Preparation must stop where continued work would:** create an implied commitment; waste material resources; **pressure governance into approval**; expose confidential information; **crea,delete the word; state the figure (e.g. 'over $X' / 'longer than N days')
CHAPTER-7-continuous-cognitive-loop-and-foresight-v0.1.md,215,JUDGEMENT,material,alert: signal; consequence; confidence;,Every material alert: signal; consequence; confidence; urgency; evidence; affected objective; recommende,"FOUNDER RULES: pick a proxy, accept a human gate, or cut the clause"
CHAPTER-7-continuous-cognitive-loop-and-foresight-v0.1.md,223,LIST,materially,affected; legal or regulatory,Escalate when: constitutional identity may be affected; human welfare may be materially affected; legal or regulatory exposure is significant; evidence is contradictory and cons,delete the word; name the set (reuse fence.json where it already exists)
CHAPTER-7-continuous-cognitive-loop-and-foresight-v0.1.md,223,JUDGEMENT,material,; financial or reputational,consequence is high; an irreversible action may be required; stakeholder vulnerability is material; financial or reputational exposure crosses delegated thresholds; authority is unclear; d,"FOUNDER RULES: pick a proxy, accept a human gate, or cut the clause"
CHAPTER-7-continuous-cognitive-loop-and-foresight-v0.1.md,233,JUDGEMENT,material,constitutional issue.**,**Repeated minor drift may become a material constitutional issue.**,"FOUNDER RULES: pick a proxy, accept a human gate, or cut the clause"
CHAPTER-7-continuous-cognitive-loop-and-foresight-v0.1.md,261,JUDGEMENT,material,failure; **unexpected success**; serious,Required after: material failure; **unexpected success**; serious incident; constitutional exception; **significan,"FOUNDER RULES: pick a proxy, accept a human gate, or cut the clause"
CHAPTER-7-continuous-cognitive-loop-and-foresight-v0.1.md,261,LIST,material,agent error; emergency authority,incident; constitutional exception; **significant near miss**; major project completion; material agent error; emergency authority use.,delete the word; name the set (reuse fence.json where it already exists)
CHAPTER-7-continuous-cognitive-loop-and-foresight-v0.1.md,267,JUDGEMENT,material,conflict; preserve constitutional fingerprints;,om fact**; **avoid generating unnecessary work**; **respect cognitive budgets**; escalate material conflict; preserve constitutional fingerprints; record significant loop transitions.,"FOUNDER RULES: pick a proxy, accept a human gate, or cut the clause"
CHAPTER-7-continuous-cognitive-loop-and-foresight-v0.1.md,269,LIST,material,recommendations automatically; **create urgency,: convert monitoring into surveillance; expand data collection without authority; execute material recommendations automatically; **create urgency to justify action**; **conceal inconvenie,delete the word; name the set (reuse fence.json where it already exists)
CHAPTER-7-continuous-cognitive-loop-and-foresight-v0.1.md,273,LIST,material,frames; challenge agent assumptions;,Authorised humans **should**: define mission-relevant sensing priorities; review material frames; challenge agent assumptions; decide where authority is reserved; **prevent cognit,delete the word; name the set (reuse fence.json where it already exists)
CHAPTER-7-continuous-cognitive-loop-and-foresight-v0.1.md,273,JUDGEMENT,material,action; review significant outcomes;,is reserved; **prevent cognitive overload**; maintain escalation responsiveness; approve material action; review significant outcomes; ensure learning becomes governed improvement.,"FOUNDER RULES: pick a proxy, accept a human gate, or cut the clause"
CHAPTER-7-continuous-cognitive-loop-and-foresight-v0.1.md,275,LIST,material,warnings without rationale; demand,Human authorities **must not**: ignore material warnings without rationale; demand certainty where evidence cannot provide it; **use the,delete the word; name the set (reuse fence.json where it already exists)
CHAPTER-7-continuous-cognitive-loop-and-foresight-v0.1.md,279,JUDGEMENT,material,entry: loop identifier; signal;,Each material entry: loop identifier; signal; source; date; classification; status; constitutional rele,"FOUNDER RULES: pick a proxy, accept a human gate, or cut the clause"
CHAPTER-7-continuous-cognitive-loop-and-foresight-v0.1.md,320,LIST,material,decisions to the proper,> Submit material decisions to the proper authority.,delete the word; name the set (reuse fence.json where it already exists)
CHAPTER-7-continuous-cognitive-loop-and-foresight-v0.1.md,329,LIST,material,action because a risk,mptions guiding strategy; **recurring lessons failing to become doctrine**; agents taking material action because a risk appears obvious; **continuous cognition becoming continuous authori,delete the word; name the set (reuse fence.json where it already exists)
CHAPTER-7-continuous-cognitive-loop-and-foresight-v0.1.md,347,LIST,material,change is detected early;,Succeeds when: material change is detected early; signals are validated before influencing consequential decision,delete the word; name the set (reuse fence.json where it already exists)
CHAPTER-8-risk-safety-resilience-and-recovery-v0.1.md,46,JUDGEMENT,material,risk must have an,"Every material risk must have an accountable owner, responsible for: understanding the risk; validating","FOUNDER RULES: pick a proxy, accept a human gate, or cut the clause"
CHAPTER-8-risk-safety-resilience-and-recovery-v0.1.md,62,THRESHOLD,material,risk should identify: acceptable,Every material risk should identify: acceptable range; warning threshold; escalation threshold; **stop t,delete the word; state the figure (e.g. 'over $X' / 'longer than N days')
CHAPTER-8-risk-safety-resilience-and-recovery-v0.1.md,150,LIST,material,dependencies upon: individuals; agents;,Identify material dependencies upon: individuals; agents; accounts; systems; vendors; datasets; credentials,delete the word; name the set (reuse fence.json where it already exists)
CHAPTER-8-risk-safety-resilience-and-recovery-v0.1.md,168,LIST,Material,agent systems should have:,Material agent systems should have: defined identity; **authority fingerprint**; approved tools; b,delete the word; name the set (reuse fence.json where it already exists)
CHAPTER-8-risk-safety-resilience-and-recovery-v0.1.md,186,LIST,materially,disrupts operations; threatens constitutional,"; creates credible immediate risk; breaches policy, authority, privacy, security, or law; materially disrupts operations; threatens constitutional integrity; requires coordinated response; *",delete the word; name the set (reuse fence.json where it already exists)
CHAPTER-8-risk-safety-resilience-and-recovery-v0.1.md,188,JUDGEMENT,material,"harm but did not,","**A near miss** is an event that could reasonably have caused material harm but did not, due to **chance, timely intervention, or a control functioning correctl","FOUNDER RULES: pick a proxy, accept a human gate, or cut the clause"
CHAPTER-8-risk-safety-resilience-and-recovery-v0.1.md,228,JUDGEMENT,material,harm; **exaggerate certainty**; speculate,**Must not:** minimise material harm; **exaggerate certainty**; speculate irresponsibly; conceal responsibility; blame in,"FOUNDER RULES: pick a proxy, accept a human gate, or cut the clause"
CHAPTER-8-risk-safety-resilience-and-recovery-v0.1.md,345,LIST,Material,Change** — new technology;,**After Material Change** — new technology; new agent capability; new market; legal change; major supplier,delete the word; name the set (reuse fence.json where it already exists)
CHAPTER-9-stakeholder-accessibility-trust-and-ethical-value-v0.1.md,24,THRESHOLD,material,risks are visible; participation,"the nature of the relationship; the value offered is genuine; the costs, limitations, and material risks are visible; participation is meaningfully voluntary where possible; the stakeholde",delete the word; state the figure (e.g. 'over $X' / 'longer than N days')
CHAPTER-9-stakeholder-accessibility-trust-and-ethical-value-v0.1.md,88,THRESHOLD,material,"terms.** Essential costs, risks,","**Must not be used to hide material terms.** Essential costs, risks, commitments, and consequences must remain visible before",delete the word; state the figure (e.g. 'over $X' / 'longer than N days')
CHAPTER-9-stakeholder-accessibility-trust-and-ethical-value-v0.1.md,98,LIST,materially,changes.**,erstandable; attributable; capable of withdrawal where applicable; **renewed when purpose materially changes.**,delete the word; name the set (reuse fence.json where it already exists)
CHAPTER-9-stakeholder-accessibility-trust-and-ethical-value-v0.1.md,100,JUDGEMENT,material,information is hidden; **urgency,e:** refusal carries concealed punishment; alternatives are unrealistically inaccessible; material information is hidden; **urgency is artificially created**; consent is bundled across unr,"FOUNDER RULES: pick a proxy, accept a human gate, or cut the clause"
CHAPTER-9-stakeholder-accessibility-trust-and-ethical-value-v0.1.md,116,THRESHOLD,material,", increase: explanation; time;","Where vulnerability is material, increase: explanation; time; support; review; safeguards; human involvement; remedy acce",delete the word; state the figure (e.g. 'over $X' / 'longer than N days')
CHAPTER-9-stakeholder-accessibility-trust-and-ethical-value-v0.1.md,160,LIST,Material,dependencies must be transparent.**,**Material dependencies must be transparent.**,delete the word; name the set (reuse fence.json where it already exists)
CHAPTER-9-stakeholder-accessibility-trust-and-ethical-value-v0.1.md,182,JUDGEMENT,material,undisclosed interest in the,**A recommendation must not be represented as independent where Nexus has a material undisclosed interest in the outcome.**,"FOUNDER RULES: pick a proxy, accept a human gate, or cut the clause"
CHAPTER-9-stakeholder-accessibility-trust-and-ethical-value-v0.1.md,188,JUDGEMENT,material,uncertainty; avoid unsupported claims;,Distinguish fact from opinion; disclose material uncertainty; avoid unsupported claims; **avoid misleading omission**; correct significant,"FOUNDER RULES: pick a proxy, accept a human gate, or cut the clause"
CHAPTER-9-stakeholder-accessibility-trust-and-ethical-value-v0.1.md,212,LIST,material,stakeholder impact.**,"**Restrictions must not be used to conceal misconduct, poor evidence, or material stakeholder impact.**",delete the word; name the set (reuse fence.json where it already exists)
CHAPTER-9-stakeholder-accessibility-trust-and-ethical-value-v0.1.md,222,LIST,Material,use of AI should,Material use of AI should be disclosed where it affects: recommendations; decisions; stakeholder c,delete the word; name the set (reuse fence.json where it already exists)
CHAPTER-9-stakeholder-accessibility-trust-and-ethical-value-v0.1.md,222,THRESHOLD,material,outcomes.**,sions; stakeholder communication; personalisation; assessment; pricing; access; rights; **material outcomes.**,delete the word; state the figure (e.g. 'over $X' / 'longer than N days')
CHAPTER-9-stakeholder-accessibility-trust-and-ethical-value-v0.1.md,226,LIST,materially,affects the stakeholder.**,re must not be reduced to a broad term hidden in general conditions where the involvement materially affects the stakeholder.**,delete the word; name the set (reuse fence.json where it already exists)
CHAPTER-9-stakeholder-accessibility-trust-and-ethical-value-v0.1.md,236,LIST,material,effects; allow correction; **avoid,Must: serve a legitimate stakeholder purpose; use proportionate information; disclose material effects; allow correction; **avoid sensitive inference without authority**; remain review,delete the word; name the set (reuse fence.json where it already exists)
CHAPTER-9-stakeholder-accessibility-trust-and-ethical-value-v0.1.md,270,LIST,materially,different circumstances. Different treatment,**Identical treatment may be unfair where stakeholders begin from materially different circumstances. Different treatment may also be unfair where it relies upon irre,delete the word; name the set (reuse fence.json where it already exists)
CHAPTER-9-stakeholder-accessibility-trust-and-ethical-value-v0.1.md,274,LIST,material,systems for: unequal access;,Review material systems for: unequal access; **unequal error rates**; biased data; indirect discriminatio,delete the word; name the set (reuse fence.json where it already exists)
CHAPTER-9-stakeholder-accessibility-trust-and-ethical-value-v0.1.md,340,JUDGEMENT,material,terms; complaint themes; **exit,capability transfer; dependency created or reduced; fairness of pricing; understanding of material terms; complaint themes; **exit difficulty**; stakeholder trust; **outcomes for under-res,"FOUNDER RULES: pick a proxy, accept a human gate, or cut the clause"
CHAPTER-9-stakeholder-accessibility-trust-and-ethical-value-v0.1.md,358,JUDGEMENT,material,complaints; identify accessibility barriers;,**Continuous** — capture feedback; monitor material complaints; identify accessibility barriers; detect misleading communication; monitor tru,"FOUNDER RULES: pick a proxy, accept a human gate, or cut the clause"
CHAPTER-9-stakeholder-accessibility-trust-and-ethical-value-v0.1.md,359,LIST,material,communication changes.,mplaint themes; unresolved remedies; stakeholder-value indicators; accessibility defects; material communication changes.,delete the word; name the set (reuse fence.json where it already exists)
CHAPTER-9-stakeholder-accessibility-trust-and-ethical-value-v0.1.md,366,LIST,material,limitations; distinguish advice from,**: identify the stakeholder's objective; **adapt communication appropriately**; disclose material limitations; distinguish advice from instruction; preserve privacy; respect refusal; avoi,delete the word; name the set (reuse fence.json where it already exists)
CHAPTER-9-stakeholder-accessibility-trust-and-ethical-value-v0.1.md,366,JUDGEMENT,material,harm or unfairness; preserve,avoid manipulation; identify vulnerability where relevant without stereotyping; escalate material harm or unfairness; preserve complaint pathways; record material commitments; **avoid cre,"FOUNDER RULES: pick a proxy, accept a human gate, or cut the clause"
CHAPTER-9-stakeholder-accessibility-trust-and-ethical-value-v0.1.md,366,THRESHOLD,material,commitments; **avoid creating dependency,t stereotyping; escalate material harm or unfairness; preserve complaint pathways; record material commitments; **avoid creating dependency where knowledge transfer is possible.**,delete the word; state the figure (e.g. 'over $X' / 'longer than N days')
CHAPTER-9-stakeholder-accessibility-trust-and-ethical-value-v0.1.md,384,THRESHOLD,material,risks; (7) commitments made;,; (3) intended value; (4) accessibility requirements; (5) consent or other authority; (6) material risks; (7) commitments made; (8) dependency concerns; (9) complaint or dispute status; (1,delete the word; state the figure (e.g. 'over $X' / 'longer than N days')
CHAPTER-9-stakeholder-accessibility-trust-and-ethical-value-v0.1.md,394,THRESHOLD,material,"choices, costs, risks, and","> Make material choices, costs, risks, and limitations visible.",delete the word; state the figure (e.g. 'over $X' / 'longer than N days')
CHAPTER-9-stakeholder-accessibility-trust-and-ethical-value-v0.1.md,405,LIST,materially,shapes outcomes; identical treatment,and promises detached from operational conduct**; automation presented as neutral when it materially shapes outcomes; identical treatment producing unfair outcomes; **stakeholder feedback co,delete the word; name the set (reuse fence.json where it already exists)
CHAPTER-9-stakeholder-accessibility-trust-and-ethical-value-v0.1.md,425,JUDGEMENT,material,; complaints influence correction,aptivity**; trust is supported by evidence and conduct; AI involvement is disclosed where material; complaints influence correction and organisational learning; remedies are practical and,"FOUNDER RULES: pick a proxy, accept a human gate, or cut the clause"
CHAPTER-9-stakeholder-accessibility-trust-and-ethical-value-v0.1.md,445,JUDGEMENT,material,"AI involvement, identifying **that","**§9.34** requires disclosure of material AI involvement, identifying **that AI was involved · the nature of involvement · whether","FOUNDER RULES: pick a proxy, accept a human gate, or cut the clause"
CHAPTER-9-stakeholder-accessibility-trust-and-ethical-value-v0.1.md,477,JUDGEMENT,material,and not hypothetical:** a,"- **§9.16 vulnerability is material and not hypothetical:** a person whose property has just been damaged is, by §9.6, under","FOUNDER RULES: pick a proxy, accept a human gate, or cut the clause"
CONSTITUTIONAL-FOUNDATION-v0.1.md,59,LIST,material,decision must trace back,Every material decision must trace back to this document. A decision that cannot be traced here has no,delete the word; name the set (reuse fence.json where it already exists)
CONSTITUTIONAL-OPERATIONS-v0.1.md,20,LIST,material,"action is aligned, evidence-based,","**Ensure every material action is aligned, evidence-based, traceable, and reviewable.**",delete the word; name the set (reuse fence.json where it already exists)
CONSTITUTIONAL-OPERATIONS-v0.1.md,232,LIST,material,elements — (1) **`constitutional,"estoration of dropped content**, not an evolution of the text. **Impact:** restores three material elements — (1) **`constitutional assessment`** as a distinct step in the decision flow, t",delete the word; name the set (reuse fence.json where it already exists)
EPIC-000-nexus-engineering-constitution.md,75,LIST,material,technical decisions must remain,"20. **All material technical decisions must remain explainable, reviewable, reversible, and attributable.**",delete the word; name the set (reuse fence.json where it already exists)
EPIC-000-nexus-engineering-constitution.md,81,JUDGEMENT,Material,,## 3. Definition of Engineering-Grade Material,"FOUNDER RULES: pick a proxy, accept a human gate, or cut the clause"
EPIC-000-nexus-engineering-constitution.md,89,JUDGEMENT,material,unsuitable.,terion. Nexus will instead identify the observable engineering deficiencies that make the material unsuitable.,"FOUNDER RULES: pick a proxy, accept a human gate, or cut the clause"
EPIC-000-nexus-engineering-constitution.md,129,JUDGEMENT,material,external or internal capability,Every material external or internal capability will move through the following governed states.,"FOUNDER RULES: pick a proxy, accept a human gate, or cut the clause"
EPIC-000-nexus-engineering-constitution.md,215,LIST,material,"adoption, adaptation, rejection, strategic","**Board** — retains final decision authority for material adoption, adaptation, rejection, strategic dependency, and production execution.",delete the word; name the set (reuse fence.json where it already exists)
